label,entity1,entity2,llm_labeled_successfully,llm_label
duplicate,Title: mukii tip-pu301cb 2-port usb 3.0 expresscard; Category: electronics - general; Brand: mukii; ModelNo: tip-pu301cb; Price: 32.0;,Title: mukii transimp tip-pu301cb usb 3.0 2 port express card adapter; Category: memory card adapters; Brand: mukii; ModelNo: tip-pu301cb; Price: 29.99;,yes,duplicate
not duplicate,Title: imation 11864 slr-5 data cartridge; Category: mp3 accessories; Brand: imation; ModelNo: 11864; Price: 55.92;,Title: lto5 data cartridge; Category: computer accessories; Brand: quantum; ModelNo: mr-l5mqn-01; Price: 63.23;,yes,not duplicate
not duplicate,Title: iosafe rugged 750gb usb 3.0 portable external hard drive; Category: hard drives; Brand: iosafe; ModelNo: pa70750u1yr; Price: 139.98;,Title: iomega prestige portable superspeed 500 gb usb 3.0 external hard drive 35192 black; Category: external hard drives; Brand: iomega; ModelNo: 35192; Price: 70.33;,yes,not duplicate
not duplicate,Title: apc home office surgearrest 8 outlet with phone splitter protection 120v; Category: computers; Brand: apc; ModelNo: p8t3; Price: 22.0;,Title: apc essential surgearrest 7 outlet phone line protection; Category: uninterrupted power supply ups; Brand: apc; ModelNo: p7t; Price: 14.48;,yes,not duplicate
not duplicate,Title: logitech 910-002463 wireless mouse m305 silver filament; Category: mice; Brand: logitech; ModelNo: 910-002463; Price: 28.88;,Title: logitech wireless mouse m310 victorian wallpaper 910-002480; Category: mice; Brand: logitech; ModelNo: 910-002480; Price: 17.5;,yes,not duplicate
not duplicate,Title: da-lite da-plex thru-the-wall rear projection screen - 81 x 108 video format; Category: electronics - general; Brand: da-lite; ModelNo: 23096; Price: 10048.99;,Title: da-glas base rear projection screen - 70 x 70 av format; Category: projection screens; Brand: da-lite; ModelNo: nan; Price: 2622.99;,yes,not duplicate
not duplicate,Title: msi ati radeon hd6670 1gb ddr5 pci-express video card; Category: electronics - general; Brand: msi; ModelNo: r6670-md1gd5; Price: 107.0;,Title: xfx ati radeon hd 5670 1 gb ddr5 dvi hdmi displayport pci-express video card hd567xznf3; Category: computers accessories; Brand: xfx; ModelNo: hd567xznf3; Price: 79.99;,yes,not duplicate
not duplicate,Title: da-lite holoscreen rear projection screen - 22 x 33 3 4 video format; Category: electronics - general; Brand: da-lite; ModelNo: 20030; Price: 1600.0;,Title: da-glas base rear projection screen - 36 x 48 video format; Category: projection screens; Brand: da-lite; ModelNo: nan; Price: 1199.99;,yes,not duplicate
duplicate,Title: motorola netopia 3346n-ent broadband router; Category: networking; Brand: motorola; ModelNo: 3346n-ent; Price: 103.84;,Title: netopia 3346n-ent adsl adsl2 modem 4 port switch; Category: routers; Brand: netopia; ModelNo: 3346n-ent; Price: 107.99;,yes,duplicate
not duplicate,Title: jvc haebx85p sports ear-clip headphones - pink; Category: electronics - general; Brand: jvc; ModelNo: haebx85p; Price: 14.54;,Title: jvc haebx5d inner ear sports clip headphones orange; Category: headphones; Brand: jvc; ModelNo: haebx5d; Price: 13.88;,yes,not duplicate
not duplicate,Title: v7 5 cat6 snagless molded network patch cable red; Category: electronics - general; Brand: v7; ModelNo: v7n2c6-05f-reds; Price: 4.88;,Title: v7 cat5e snagless molded network patch cable rj45 male to male blue 25-feet v7n3c5e-25f-blus; Category: ethernet cables; Brand: v7; ModelNo: v7n3c5e-25f-blus; Price: 5.13;,yes,not duplicate
not duplicate,Title: c-line top-load poly sheet protectors heavy gauge letter 200ct; Category: stationery & office machinery; Brand: nan; ModelNo: 62097; Price: 28.94;,Title: new-universal 21124 - top-load poly sheet protectors standard gauge letter clear 50 box - unv21124; Category: surge protectors; Brand: universal; ModelNo: nan; Price: 16.74;,yes,not duplicate
not duplicate,Title: griffin technology outfit gloss ipod touch 4g black; Category: mp3 accessories; Brand: griffin technology; ModelNo: gb01967; Price: 24.99;,Title: griffin technology formfit for ipod touch 4g pink clear; Category: cases; Brand: griffin technology; ModelNo: gb01959; Price: 7.53;,yes,not duplicate
not duplicate,Title: epson t060320 ink cartridge magenta; Category: printers; Brand: epson; ModelNo: t060320; Price: 16.84;,Title: epson t048620 light magenta ink cartridge rx500 and r300 printers; Category: inkjet printer ink; Brand: epson; ModelNo: t048620; Price: 10.91;,yes,not duplicate
not duplicate,Title: innovera d3010 black compatible high-yield toner print cartridge; Category: stationery & office machinery; Brand: innovera; ModelNo: d3010; Price: 68.35;,Title: hp q7551x compatible high yield black toner cartridge with chip; Category: inkjet printer ink; Brand: compatible; ModelNo: q7551x; Price: 24.0;,yes,not duplicate
not duplicate,Title: powermat wireless charging receiver for blackberry torch; Category: phone accessories; Brand: powermat; ModelNo: prl01-001-us; Price: 23.88;,Title: powermat receiver battery door for blackberry tour 9630; Category: batteries; Brand: powermat; ModelNo: pmr-bbt1; Price: 9.86;,yes,not duplicate
not duplicate,Title: iosafe rugged 500gb usb 3.0 portable external hard drive; Category: hard drives; Brand: iosafe; ModelNo: pa50500u5yr; Price: 299.98;,Title: western digital my passport essential 500 gb usb 3.0 2.0 portable external hard drive pacific blue; Category: external hard drives; Brand: western digital; ModelNo: wdbacy5000abl-nesn; Price: 75.98;,yes,not duplicate
not duplicate,Title: da-lite da-plex self trimming rear projection screen - 60 x 60 av format; Category: electronics - general; Brand: da-lite; ModelNo: 27575; Price: 2680.99;,Title: da-lite 27578 da-plex self trimming rear projection screen - 96 x 96 av format; Category: projection screens; Brand: da-lite; ModelNo: nan; Price: nan;,yes,not duplicate
not duplicate,Title: hp laserjet 53x black print cartridge; Category: printers; Brand: hp; ModelNo: q7553x; Price: 164.84;,Title: hp laserjet 24a black print cartridge in retail packaging; Category: laser printer toner; Brand: hp; ModelNo: q2624a; Price: 39.0;,yes,not duplicate
not duplicate,Title: zotac geforce gt430 1gb ddr3 pci-express 2.0 graphics card; Category: electronics - general; Brand: zotac; ModelNo: zt-40604-10l; Price: 88.88;,Title: evga geforce 8400 gs 1 gb ddr3 pci-express 2.0 graphics card 01g-p3-1302-lr; Category: graphics cards; Brand: evga; ModelNo: 01g-p3-1302-lr; Price: 38.99;,yes,not duplicate
not duplicate,Title: aoc 2236vw 22 widescreen lcd monitor in piano black; Category: monitors; Brand: aoc; ModelNo: 2236vw; Price: 129.0;,Title: v7 r19w12 19-inch widescreen lcd monitor silver black; Category: monitors; Brand: v7; ModelNo: r19w12; Price: 229.5;,yes,not duplicate
not duplicate,Title: da-lite dual vision tensioned advantage deluxe electrol - hdtv format 92 diagonal; Category: electronics - general; Brand: da-lite; ModelNo: 88285; Price: 4242.99;,Title: hc cinema perf tensioned advantage deluxe electrol - hdtv format size 92 diagonal; Category: projection screens; Brand: da-lite; ModelNo: nan; Price: 4200.0;,yes,duplicate
not duplicate,Title: kodak easyshare c1550 purple 16mp digital camera bundle w 5x optical zoom 3.0 lcd display w 50 bonus prints; Category: digital cameras; Brand: kodak; ModelNo: c1550 prpl bndl; Price: 89.0;,Title: kodak easyshare c143 12 mp digital camera with 3x optical zoom blue bundle; Category: point shoot digital cameras; Brand: kodak; ModelNo: c143 blue; Price: 62.68;,yes,not duplicate
not duplicate,Title: samsung 60-2707-05 samsung galaxy tab multimedia dock; Category: electronics - general; Brand: samsung; ModelNo: 60-2707-05; Price: 37.88;,Title: samsung 33-0525-05 samsung fasciantetm i500 oem multimedia dock; Category: mounts; Brand: samsung; ModelNo: ecr-d985beg; Price: 12.9;,yes,not duplicate
not duplicate,Title: da-lite da-plex self trimming rear projection screen - 58 x 104 hdtv format; Category: electronics - general; Brand: da-lite; ModelNo: 27590; Price: 4635.99;,Title: da-lite 27565 da-plex deluxe rear projection screen - 72 x 96 video format; Category: nan; Brand: da-lite; ModelNo: nan; Price: nan;,yes,not duplicate
not duplicate,Title: tp-link tl-ant2409b 2.4 ghz 9dbi outdoor directional antenna; Category: networking; Brand: tp link; ModelNo: tl-ant2409b; Price: 27.88;,Title: tp-link nt tl-ant2409a 2.4 ghz 9dbi; Category: networking products; Brand: tp-link; ModelNo: tl-ant2409a; Price: 17.05;,yes,not duplicate
not duplicate,Title: western digital 2tb my book studio edition ii external hard drive; Category: computers; Brand: western digital; ModelNo: wdh2q20000n; Price: 199.0;,Title: western digital my book studio 1 tb usb 2.0 firewire 800 400 desktop external hard drive; Category: external hard drives; Brand: western digital; ModelNo: wdbaaj0010hsl-nesn; Price: 119.99;,yes,not duplicate
duplicate,Title: agf blackberry torch 9800 9810 endo grt case black black; Category: electronics - general; Brand: agf; ModelNo: ha0435-m005; Price: 25.88;,Title: agf ha0435-m005 case for blackberry torch 9800 and 9810 endo grt - 1 pack - retail packaging - black; Category: cases; Brand: agf; ModelNo: ha0435-m005; Price: 23.93;,yes,duplicate
not duplicate,Title: quartet prestige bulletin board graphite-blend cork maple frame; Category: stationery & office machinery; Brand: quartet; ModelNo: b243ma; Price: 50.0;,Title: new-quartet b247ma - prestige bulletin board graphite-blend cork 72 x 48 maple frame - qrtb247ma; Category: radios; Brand: quartet; ModelNo: nan; Price: 303.0;,yes,not duplicate
not duplicate,Title: elite electric100h screens spectrum electrol projection screen; Category: electronics - general; Brand: elite screens; ModelNo: electric100h; Price: 160.0;,Title: elite screens vmax2 electric projection screen 1 1 aspect ratio-99in max white; Category: projection screens; Brand: elite; ModelNo: vmax99uws; Price: 327.24;,yes,not duplicate
not duplicate,Title: elite screens cinewhite cinetension2 series 64 overall height tension electric motorized screen - 84 diagonal; Category: electronics - general; Brand: elite screens; ModelNo: te84vw2; Price: 637.0;,Title: maxwhite-fiberglass home2 series 47.7 overall height electric motorized screen - size 75 diagonal in white case; Category: projection screens; Brand: elite; ModelNo: nan; Price: 533.0;,yes,not duplicate
duplicate,Title: ematic full-motion wall mount kit for 37 tv with 6ft hdmi cable 15ft hdmi cable cleaning solution cleaning cloth emw5001; Category: tv accessories; Brand: ematic; ModelNo: emw5001; Price: 84.0;,Title: ematic emw5001 full-motion wall mount kit for 37-inch to 50-inch tv with 6-feet and 15-feet hdmi cable cleaning solution and cleaning cloth; Category: tv mounts; Brand: ematic; ModelNo: emw5001; Price: 79.99;,yes,duplicate
not duplicate,Title: da-lite da-plex deluxe rear projection screen - 78 x 139 hdtv format; Category: electronics - general; Brand: da-lite; ModelNo: 27573; Price: 7452.99;,Title: da-lite da-plex standard rear projection screen - 94 1 2 x 168 hdtv format; Category: projection screens; Brand: da-lite; ModelNo: 27149; Price: 7864.0;,yes,not duplicate
not duplicate,Title: logitech 910-002463 wireless mouse m305 silver filament; Category: mice; Brand: logitech; ModelNo: 910-002463; Price: 28.88;,Title: logitech wireless mouse m310 flame red 910-002486; Category: mice; Brand: logitech; ModelNo: 910-002486; Price: 17.95;,yes,not duplicate
duplicate,Title: corsair xms2 4 gb 2 x 2 gb pc2-6400 800 mhz 240-pin ddr2 dual-channel memory kit - twin2x4096-6400c5; Category: memory; Brand: corsair; ModelNo: twin2x4096-6400c5; Price: 74.82;,Title: corsair twin2x4096-6400c5c 4gb xms2 pc2-6400 800mhz 240-pin dual channel ddr2 desktop memory; Category: memory; Brand: corsair; ModelNo: twin2x4096-6400c5c; Price: 49.98;,yes,duplicate
not duplicate,Title: da-lite da-plex self trimming rear projection screen - 96 x 120 av format; Category: electronics - general; Brand: da-lite; ModelNo: 27903; Price: 7799.99;,Title: da-lite da-plex standard rear projection screen - 94 1 2 x 168 hdtv format; Category: projection screens; Brand: da-lite; ModelNo: 27149; Price: 7864.0;,yes,not duplicate
not duplicate,Title: cables unlimited 2.4 ghz wireless indoor outdoor stereo speaker with remote and dual power transmitter black; Category: stereos/audio; Brand: cables unlimited; ModelNo: spk-24gx; Price: 148.0;,Title: cables unlimited wireless usb kit with transmitter and receiver with base black; Category: docking stations; Brand: cables unlimited; ModelNo: usb-wr2000; Price: 49.99;,yes,not duplicate
not duplicate,Title: vantec nexstar se 2.5 sata hard drive rack; Category: electronics - general; Brand: vantec; ModelNo: mrk-515st; Price: 10.74;,Title: vantec nexstar tx 2.5-inch sata to usb 2.0 external hard drive enclosure; Category: hard drive enclosures; Brand: vantec; ModelNo: nst-210s2-bk; Price: 9.77;,yes,not duplicate
not duplicate,Title: pc treasures clickit classic mouse black; Category: mice; Brand: pc treasures; ModelNo: 07667; Price: 16.8;,Title: pc treasures clickit classic mouse - copper 07724; Category: mice; Brand: pc treasures; ModelNo: 07724; Price: 16.8;,yes,duplicate
duplicate,Title: cobra highgear noise-canceling external speaker; Category: stereos/audio; Brand: cobra; ModelNo: hg-s300; Price: 17.03;,Title: cobra hg s300 highgear external noise-cancelling speaker; Category: speakers; Brand: cobra; ModelNo: hg s300; Price: 17.03;,yes,duplicate
not duplicate,Title: case logic 208 capacity nylon cd dvd wallet; Category: electronics - general; Brand: case logic; ModelNo: 87974; Price: 19.99;,Title: case logic bnw-24 polyester cd dvd wallet 24 capacity black; Category: disc storage wallets; Brand: case logic; ModelNo: bnw-24; Price: 14.99;,yes,duplicate
not duplicate,Title: vantec nexstar 2.5 sata to usb 2.0 hard drive dock; Category: electronics - general; Brand: vantec; ModelNo: nst-d100s2; Price: 24.2;,Title: vantec nexstar cx nst-200s2-bk 2.5-inch sata to usb 2.0 external hard drive enclosure black; Category: hard drive enclosures; Brand: vantec; ModelNo: nst-200s2-bk; Price: 10.15;,yes,duplicate
not duplicate,Title: memorex color slim cd jewel cases - 50 pack; Category: electronics - general; Brand: memorex; ModelNo: 3202-1950; Price: 19.88;,Title: memorex 32021992 slim cd dvd 5mm 100-pack jewel cases; Category: disc jewel cases; Brand: memorex; ModelNo: 32021992; Price: 23.99;,yes,not duplicate
not duplicate,Title: iosafe solopro 1tb usb 3.0 external hard drive; Category: hard drives; Brand: iosafe; ModelNo: sj1000gb1yr; Price: 248.0;,Title: iosafe rugged portable 250 gb usb 3.0 external hard drive pa50250u1yr; Category: external hard drives; Brand: iosafe; ModelNo: pa50250u1yr; Price: 145.99;,yes,duplicate
not duplicate,Title: kanguru defender 1gb v2 kdv2-1g usb 2.0 flash drive; Category: usb drives; Brand: kanguru; ModelNo: kdv2-1g; Price: 39.82;,Title: kanguru defender 2 gb usb 2.0 flash drive v2 kdv2-2g; Category: usb flash drives; Brand: kanguru solutions; ModelNo: kdv2-2g; Price: 31.25;,yes,not duplicate
not duplicate,Title: michigan wolverines iphone 4 case silicone cover; Category: electronics - general; Brand: tribeca; ModelNo: fva3437; Price: 24.99;,Title: michigan wolverines iphone 3g silicone cover; Category: computers accessories; Brand: tribeca; ModelNo: nan; Price: 19.99;,yes,not duplicate
not duplicate,Title: targus 13.3 widescreen lcd monitor privacy screen; Category: electronics - general; Brand: targus; ModelNo: asf133w9usz; Price: 42.07;,Title: 3m privacy filter - 3m pf22 .0 w widescreen monitor privacy screen; Category: screen filters; Brand: 3m; ModelNo: pf22 .0 w; Price: 88.55;,yes,not duplicate
duplicate,Title: oxford 5-1 4 capacity box file storage box letter binder board black orange; Category: stationery & office machinery; Brand: oxford; ModelNo: 40578; Price: 35.94;,Title: oxford 40578 - 5-1 4 capacity box file storage box letter binder board black orange; Category: nan; Brand: oxford; ModelNo: nan; Price: nan;,yes,duplicate
not duplicate,Title: da-lite hc cinema vision tensioned cosmopolitan electrol - av format 7 x 9 diagonal; Category: electronics - general; Brand: da-lite; ModelNo: 89892; Price: 2240.0;,Title: da-lite 98810 hc da-mat tensioned cosmopolitan electrol - av format 12 x 12 diagonal; Category: projection screens; Brand: da-lite; ModelNo: nan; Price: nan;,yes,not duplicate
not duplicate,Title: da-lite silver matte model c manual screen - 7 x 9 av format; Category: electronics - general; Brand: da-lite; ModelNo: 90545; Price: 454.5;,Title: da-lite model c hdtv format manual wall and ceiling screen 78 x 139 159 diagonal silver matte surface; Category: projection screens; Brand: da-lite; ModelNo: nan; Price: 539.95;,yes,not duplicate
not duplicate,Title: ape case ac165 digital camera case; Category: photography - general; Brand: ape case; ModelNo: ac165; Price: 12.85;,Title: ape case digital camera case with fold out wallet ac252; Category: cases bags; Brand: norazza; ModelNo: ac252; Price: 18.48;,yes,not duplicate
not duplicate,Title: innovera m4640 compatible remanufactured high-yield ink 484 page-yield black; Category: printers; Brand: innovera; ModelNo: m4640; Price: 24.99;,Title: lexmark 34 18c0034 compatible remanufactured high yield black ink cartridge; Category: inkjet printer ink; Brand: compatible; ModelNo: nan; Price: 16.45;,yes,not duplicate
not duplicate,Title: kodak easyshare m552 dark pink 14mp digital camera w 5x optical zoom 2.7 lcd display w 50 bonus prints; Category: digital cameras; Brand: kodak; ModelNo: m552pink; Price: 94.54;,Title: sanyo blue vpc-t1495bl 14mp digital camera w 5x optical zoom 2.7 lcd display; Category: point shoot digital cameras; Brand: sanyo; ModelNo: nan; Price: 69.95;,yes,not duplicate
not duplicate,Title: da-lite video spectra 1.5 model c with csr manual screen - 58 x 104 hdtv format; Category: electronics - general; Brand: da-lite; ModelNo: 82980; Price: 736.99;,Title: video spectra 1.5 model c manual screen - av format - 6 x8 - 8 x10 size 6 x 8; Category: projection screens; Brand: da-lite; ModelNo: nan; Price: 293.95;,yes,not duplicate
not duplicate,Title: cobra 16-mile range 22-channel gmrs 2-way radio; Category: walkie-talkie/frs; Brand: cobra; ModelNo: cx-105; Price: 29.98;,Title: garmin rino 130 5-mile 22-channel frs gmrs two-way radio; Category: frs two-way radios; Brand: garmin; ModelNo: 010-00270-03; Price: 274.08;,yes,not duplicate
duplicate,Title: nikon d3000 black 10.2 mp dslr camera kit with af-s dx nikkor 18-55mm f 3.5-5 .6 g vr lens w 50 bonus prints; Category: digital cameras; Brand: nikon; ModelNo: d3000 kit; Price: 443.99;,Title: nikon d3000 10.2 mp digital slr camera with 18-55mm f 3.5-5 .6 g af-s dx vr nikkor zoom lens; Category: digital slr cameras; Brand: nikon; ModelNo: d3000 18-55mm kit; Price: nan;,yes,duplicate
not duplicate,Title: pny 4gb sdhc memory card class 4; Category: usb drives; Brand: pny; ModelNo: p-sdhc4g4-ef; Price: 8.98;,Title: pny 4 gb sdhc class 2 flash memory card p-sdhc4g2-ef navy navy; Category: blank media; Brand: pny; ModelNo: p-sdhc4g2-ef / navy; Price: 17.99;,yes,not duplicate
not duplicate,Title: jaton geforce 6200 256mb video card; Category: computers; Brand: jaton; ModelNo: video-338pci-lp; Price: 97.82;,Title: jaton geforce fx5200 128 mb dual head pci video card; Category: video capture cards; Brand: jaton; ModelNo: video-228pci-twin; Price: 74.99;,yes,not duplicate
duplicate,Title: night owl security products wired color security camera with 60 of cable; Category: garden - general; Brand: night owl; ModelNo: cam-cm01-245; Price: 49.71;,Title: night owl security products cam-cm01-245 wired color security camera with 60 of cable; Category: bullet cameras; Brand: night owl optics; ModelNo: cam-cm01-245; Price: 39.99;,yes,duplicate
duplicate,Title: arrowmounts cantilever retractable wall mount for flat panel tvs up to 27; Category: tv accessories; Brand: arrowmounts; ModelNo: am-p16b; Price: 39.99;,Title: arrowmounts am-p16b cantilever retractable wall mount for flat panel televisions up to 27-inch black; Category: tv mounts; Brand: arrowmounts; ModelNo: am-p16b; Price: 37.26;,yes,duplicate
not duplicate,Title: lexmark 26 color print cartridge 10n0026; Category: printers; Brand: lexmark; ModelNo: 10n0026; Price: 34.97;,Title: lexmark 43 high yield color print cartridge 18y0143; Category: inkjet printer ink; Brand: lexmark; ModelNo: 18y0143; Price: 21.95;,yes,not duplicate
not duplicate,Title: wintec filemate 4gb sdhc secure digital flash memory card; Category: usb drives; Brand: wintec; ModelNo: 3fmsd4gb-r; Price: 7.99;,Title: wintec filemate 8 gb compactflash card; Category: memory cards; Brand: wintec; ModelNo: 3fmcf8gb-r; Price: 21.99;,yes,not duplicate
not duplicate,Title: belkin 3 cat-5e snagless patch cable blue; Category: electronics - general; Brand: belkin; ModelNo: a3l791-03-blu-s; Price: 4.35;,Title: belkin cat-6 snagless patch cable blue 7 feet; Category: ethernet cables; Brand: belkin; ModelNo: a3l980-07-blu-s; Price: 0.01;,yes,not duplicate
not duplicate,Title: 3m 98-0440-4809-2 pf27 .0 w privacy screen filter for lcd monitor; Category: electronics - general; Brand: 3m; ModelNo: 98-0440-4809-2; Price: 199.88;,Title: 3m privacy filter - 3m pf22 .0 w widescreen monitor privacy screen; Category: screen filters; Brand: 3m; ModelNo: pf22 .0 w; Price: 88.55;,yes,duplicate
not duplicate,Title: rolodex covered tray card file black; Category: stationery & office machinery; Brand: rolodex; ModelNo: 67011; Price: 27.94;,Title: new-rolodex 67093 - petite covered tray card file holds 250 2 1 4 x 4 cards black - rol67093; Category: laminating supplies; Brand: rolodex; ModelNo: nan; Price: nan;,yes,duplicate
not duplicate,Title: western digital 750gb my passport essential se usb 3.0 silver portable hard drive; Category: hard drives; Brand: western digital; ModelNo: wdbacx7500asl-nesn; Price: 96.98;,Title: western digital my passport studio 500 gb firewire 800 400 usb 2.0 portable external hard drive silver; Category: external hard drives; Brand: western digital; ModelNo: wdmt5000tn; Price: 128.98;,yes,not duplicate
not duplicate,Title: da-lite mahogany veneer model b manual screen with high power fabric - 60 x 60 av format; Category: electronics - general; Brand: da-lite; ModelNo: 99735; Price: 310.99;,Title: medium oak veneer model b manual screen with matte white fabric - diagonal video format size 60 x 60 diagonal; Category: projection screens; Brand: da-lite; ModelNo: nan; Price: nan;,yes,not duplicate
not duplicate,Title: da-lite dual vision tensioned advantage deluxe electrol - hdtv format 92 diagonal; Category: electronics - general; Brand: da-lite; ModelNo: 88285; Price: 4242.99;,Title: da-lite tensioned advantage deluxe electrol - projection screen motorized - 92 in - 16 9 - high contrast da-mat; Category: projection screens; Brand: da-lite; ModelNo: nan; Price: 4000.0;,yes,duplicate
not duplicate,Title: oki 43502001 type 9 black toner cartridge; Category: printers; Brand: oki; ModelNo: 4.3502001 e7; Price: 98.0;,Title: brother tn540 black toner cartridge; Category: laser printer toner; Brand: brother; ModelNo: tn540; Price: 51.49;,yes,not duplicate
not duplicate,Title: startech.com dp2dvi displayport to dvi video converter cable; Category: electronics - general; Brand: startech; ModelNo: dp2dvi; Price: 18.88;,Title: displayport to hdmi video adapter converter; Category: nan; Brand: startech; ModelNo: dp2hdmiadap; Price: 10.99;,yes,not duplicate
not duplicate,Title: v7 5 cat6 snagless molded network patch cable red; Category: electronics - general; Brand: v7; ModelNo: v7n2c6-05f-reds; Price: 4.88;,Title: v7 cat5e snagless molded network patch cable rj45 male to male yellow 14-feet v7n3c5e-14f-ylws; Category: ethernet cables; Brand: v7; ModelNo: v7n3c5e-14f-ylws; Price: 4.15;,yes,not duplicate
not duplicate,Title: vantec nexstar 2.5 sata to usb 2.0 hard drive dock; Category: electronics - general; Brand: vantec; ModelNo: nst-d100s2; Price: 24.2;,Title: vantec nexstar se dual 2.5-inch sata hard drive rack mrk-525st black; Category: computers accessories; Brand: vantec; ModelNo: mrk-525st; Price: 13.57;,yes,not duplicate
not duplicate,Title: sony cyber-shot dsc-t110 16mp digital camera violet w 4x optical zoom hd movie capture 3.0 touchscreen lcd w 50 bonus prints; Category: digital cameras; Brand: sony; ModelNo: dsc-t110 / v; Price: 219.99;,Title: sony cyber-shot dsc-t110 16.1 mp digital still camera with carl zeiss vario-tessar 4x optical zoom lens and 3.0-inch touchscreen black; Category: point shoot digital cameras; Brand: sony; ModelNo: dsct110/b; Price: 189.99;,yes,duplicate
duplicate,Title: xantech sllc1 speaker level to line converter; Category: stereos/audio; Brand: xantech; ModelNo: sllc1; Price: 40.88;,Title: xantech sllc1 speaker level to line converter; Category: audio video accessories; Brand: xantech; ModelNo: sllc1; Price: 28.42;,yes,duplicate
not duplicate,Title: logitech m305 wireless mouse black; Category: mice; Brand: logitech; ModelNo: 910-001752; Price: 29.73;,Title: logitech m100 usb optical wired mouse 910-001601 black; Category: mice; Brand: logitech; ModelNo: 910-001601; Price: 11.1;,yes,not duplicate
not duplicate,Title: da-lite da-plex deluxe rear projection screen - 96 x 96 av format; Category: electronics - general; Brand: da-lite; ModelNo: 27557; Price: 6426.99;,Title: da-glas base rear projection screen - 43 1 4 x 57 3 4 video format; Category: projection screens; Brand: da-lite; ModelNo: nan; Price: 1519.99;,yes,not duplicate
not duplicate,Title: da-lite da-glas deluxe rear projection screen - 84 x 84 av format; Category: electronics - general; Brand: da-lite; ModelNo: 27650; Price: 4958.99;,Title: da-lite da-plex standard rear projection screen - 94 1 2 x 168 hdtv format; Category: projection screens; Brand: da-lite; ModelNo: 27149; Price: 7864.0;,yes,not duplicate
not duplicate,Title: logitech wireless mouse m315 silver; Category: mice; Brand: logitech; ModelNo: 910002537; Price: 19.88;,Title: logitech wireless mouse m310 blue shards 910-002483; Category: mice; Brand: logitech; ModelNo: 910-002483; Price: 19.95;,yes,not duplicate
not duplicate,Title: sharpie retractable permanent markers fine point assorted 3pk; Category: stationery & office machinery; Brand: sharpie; ModelNo: 32726pp; Price: 8.18;,Title: sharpie 1735794 - retractable ultra fine tip permanent marker black blue red 3 set; Category: computers accessories; Brand: sharpie; ModelNo: nan; Price: 24.6;,yes,not duplicate
not duplicate,Title: inland pro usb keyboard and mouse combo set black; Category: electronics - general; Brand: inland; ModelNo: 70126; Price: 12.0;,Title: inland usb optical mouse black; Category: mice; Brand: inland; ModelNo: 7233; Price: 8.84;,yes,not duplicate
not duplicate,Title: da-lite matte white gray carpeted picture king w keystone eliminator - hdtv format 92 diagonal; Category: electronics - general; Brand: da-lite; ModelNo: 87062; Price: 343.99;,Title: high power black carpeted picture king w keystone eliminator - av format size 50 x 50; Category: projection screens; Brand: da-lite; ModelNo: nan; Price: 319.95;,yes,not duplicate
not duplicate,Title: hp 56 black inkjet cartridge c6656an; Category: printers; Brand: hp; ModelNo: c6656an; Price: 23.97;,Title: hp 20 black ink cartridge c6614dn; Category: inkjet printer ink; Brand: hp; ModelNo: c6614dn; Price: nan;,yes,not duplicate
duplicate,Title: griffin powerblock dual universal black; Category: mp3 accessories; Brand: griffin; ModelNo: na23061; Price: 27.88;,Title: griffin powerblock dual universal charger for mp3 players and usb devices black; Category: chargers; Brand: griffin technology; ModelNo: 7263-pblkun2b; Price: 10.99;,yes,duplicate
not duplicate,Title: v7 10 cat5e snagless network patch cable blue; Category: electronics - general; Brand: v7; ModelNo: v7n3c5e-10f-blus; Price: 4.88;,Title: v7 cat5e snagless molded network patch cable rj45 male to male grey 2-feet v7n3c5e-02f-grys; Category: ethernet cables; Brand: v7; ModelNo: v7n3c5e-02f-grys; Price: 1.37;,yes,duplicate
duplicate,Title: plustek bookreader v100 - b66-bbe21-a; Category: computers; Brand: plustek; ModelNo: b66-bbe21-a; Price: 539.88;,Title: plustek book reader v100; Category: scanners; Brand: plustek; ModelNo: b66-bbe21-a; Price: 476.7;,yes,duplicate
not duplicate,Title: da-lite hc cinema vision tensioned cosmopolitan electrol - av format 7 x 9 diagonal; Category: electronics - general; Brand: da-lite; ModelNo: 89892; Price: 2240.0;,Title: da-lite 97989 da-tex rear tensioned cosmopolitan electrol - av format 10 6 x 14 diagonal; Category: projection screens; Brand: da-lite; ModelNo: nan; Price: nan;,yes,not duplicate
not duplicate,Title: sandisk 8gb cruzer usb flash drive pink; Category: usb drives; Brand: sandisk; ModelNo: sdcz36z008gaw11p; Price: 12.88;,Title: sandisk cruzer 16 gb cruzer usb 2.0 flash drive sdcz36-016g-a11; Category: usb flash drives; Brand: sandisk; ModelNo: sdcz36-016g-a11; Price: 15.07;,yes,not duplicate
not duplicate,Title: corsair hx3x12g1333c9 12 gb xms3 6 x 2 gb pc3-10600 1333mhz 240-pin ddr3 core i7 triple channel memory kit desktop memory module; Category: memory; Brand: corsair; ModelNo: hx3x12g1333c9; Price: 163.82;,Title: corsair xms3 6gb 3 x 2gb 2000mhz pc3-16000 240-pin ddr3 triple channel memory kit for core i7 platforms 6 triple channel kit ddr3 2000 pc3 16000 240-pin ddr3 sdram cmx6gx3m3b2000c9; Category: memory; Brand: corsair; ModelNo: cmx6gx3m3b2000c9; Price: 90.44;,yes,not duplicate
not duplicate,Title: brother tn450 black toner cartridge high yield toner; Category: printers; Brand: brother; ModelNo: tn450; Price: 48.88;,Title: ld compatible high yield black laser toner cartridge for lexmark 12a5845; Category: laser printer toner; Brand: 4inkjets; ModelNo: nan; Price: 74.99;,yes,not duplicate
not duplicate,Title: netgear powerline av 500 adapter; Category: networking; Brand: netgear; ModelNo: xav5001100nas; Price: 79.82;,Title: netgear xe104 85 mbps powerline 4-port ethernet adapter; Category: powerline network adapters; Brand: netgear; ModelNo: xe104na; Price: 69.99;,yes,not duplicate
not duplicate,Title: lexmark t650h11a black high-yield toner print cartridge; Category: printers; Brand: lexmark; ModelNo: t650h11a; Price: 565.2;,Title: compatible dell 1815dn laser printer high yield black toner cartridge; Category: inkjet printer ink; Brand: dell; ModelNo: nan; Price: 26.82;,yes,not duplicate
not duplicate,Title: case logic 16 laptop backpack; Category: electronics - general; Brand: case logic; ModelNo: 154710; Price: 39.99;,Title: case logic dlbp-114 14-inch laptop backpack red; Category: bags cases; Brand: case logic; ModelNo: dlbp-114red; Price: 39.99;,yes,duplicate
not duplicate,Title: ampad envirotec 100 recycled file folders 1 3 cut top tab letter brown 100pk; Category: stationery & office machinery; Brand: nan; ModelNo: 35113; Price: 12.94;,Title: smead 10710 - kraft file folders straight cut reinforced top tab letter brown 100 box; Category: nan; Brand: smead; ModelNo: nan; Price: nan;,yes,not duplicate
not duplicate,Title: da-lite da-plex deluxe rear projection screen - 96 x 96 av format; Category: electronics - general; Brand: da-lite; ModelNo: 27557; Price: 6426.99;,Title: holoscreen rear projection screen - 66 x 101 video format; Category: projection screens; Brand: da-lite; ModelNo: nan; Price: 7400.0;,yes,not duplicate
not duplicate,Title: post-it notes original notes canary yellow; Category: stationery & office machinery; Brand: post-it; ModelNo: 635yw; Price: 31.8;,Title: post-it notes original pad 3 inches x 5 inches canary yellow 12 pads per pack; Category: self-stick notes; Brand: post-it; ModelNo: 655; Price: 16.49;,yes,not duplicate
duplicate,Title: 3m laptop lcd privacy computer filter pf14 .0 w; Category: electronics - general; Brand: 3m; ModelNo: pf14 .0 w; Price: 44.57;,Title: 3m privacy filter-3m pf14 .0 w widescreen laptop privacy screen 16 9; Category: screen filters; Brand: 3m; ModelNo: pf14 .0 w; Price: 40.95;,yes,duplicate
not duplicate,Title: roocase multi-angle leather case for lg g-slate 8.9-inch 4g tablet; Category: electronics - general; Brand: roocase; ModelNo: 222052; Price: 35.99;,Title: roocase ultra slim magenta leather case cover with stand for lg g-slate 8.9-inch 4g android tablet wi-fi 4g; Category: cases sleeves; Brand: roocase; ModelNo: nan; Price: 32.93;,yes,duplicate
not duplicate,Title: kodak easyshare m530 red 12mp digital camera w 3x optical zoom 2.7 lcd w 50 bonus prints; Category: digital cameras; Brand: kodak; ModelNo: m530 red; Price: 99.54;,Title: kodak c1530 14 mp digital camera with 3x optical zoom - white; Category: digital cameras; Brand: kodak; ModelNo: c1530 white digital camera; Price: 69.99;,yes,not duplicate
not duplicate,Title: da-lite da-mat deluxe fast fold complete front projection screen - 68 x 68; Category: electronics - general; Brand: da-lite; ModelNo: 88604; Price: 829.99;,Title: da-lite da-plex deluxe rear projection screen - 94 1 2 x 168 hdtv format; Category: projection screens; Brand: da-lite; ModelNo: 27150; Price: 9255.17;,yes,not duplicate
not duplicate,Title: da-lite da-glas standard rear projection screen - 50 x 50 av format; Category: electronics - general; Brand: da-lite; ModelNo: 27628; Price: 1631.99;,Title: da-plex base rear projection screen - 43 1 4 x 57 3 4 video format; Category: projection screens; Brand: da-lite; ModelNo: nan; Price: 1669.99;,yes,not duplicate
