Institution,Count,City,State,District,Representative,Notes
"Lawrence Berkeley National Laboratory (LBNL, LBL)",1214,Berkeley,CA,CA-12,Barbara Lee,
University of California Berkeley (UCB),1168,Berkeley,CA,CA-12,Barbara Lee,
Stanford University,136,Stanford,CA,CA-16,Anna Eshoo,
Lawrence Livermore National Laboratory (LLNL),86,Livermore,CA,CA-14,Eric Swalwell,
University of California Santa Cruz (UCSC),75,Santa Cruz,CA,CA-19,Jimmy Panetta,
University of California San Francisco (UCSF),67,San Francisco,CA,CA-11,Nancy Pelosi,
University of California Davis (UCD),63,Davis,CA,CA-08,John Garamendi,
University of California Merced (UCM),59,Merced,CA,CA-13,John Duarte,
University of California Los Angeles (UCLA),51,Los Angeles,CA,CA-36,Ted Lieu,
University of California Santa Barbara (UCSB),42,Santa Barbara,CA,CA-24,Salud Carbajal,
Columbia University,33,New York,NY,NY-12,Jerrold Nadler,
Sandia National Laboratories,25,Albuquerque,NM,NM-1,Melanie Stansbury,
,*,Livermore,CA,CA-14,Eric Swalwell,
California Institute of Technology (Caltech),24,Pasadena,CA,CA-28,Judy Chu,
University of Washington,22,Seattle,WA,WA-07,Pramila Jayapal,
University of Southern California (USC),19,Los Angeles,CA,CA-37,Sydney Kamlager-Dove,
Los Alamos National Laboratory (LANL),17,Los Alamos,NM,NM-3,Teresa Leger Fernandez,
Twelve,17,Berkeley,CA,CA-12,Barbara Lee,
Pacific Northwest National Laboratory (PNNL),17,Richland,WA,WA-04,Dan Newhouse,
Massachusetts Institute of Technology - MIT,16,Cambridge,MA,MA-07,Ayanna Pressley,
Pennsylvania State University,16,State College,PA,PA-15,Glenn Thompson,
University of Oregon,16,Eugene,OR,OR-04,Val Hoyle,
"aBeam Technologies, Inc.",15,Hayward,CA,CA-14,Eric Swalwell,
Northwestern University,15,Evanston,IL,IL-09,Jan Schakowsky,
Plant PV,15,Alameda,CA,CA-12,Barbara Lee,*Since acquired by Japanese company
"Porifera, Inc.",15,San Leandro,CA,CA-12,Barbara Lee,
University of California Irvine (UCI),16,Irvine,CA,CA-47,Katie Porter,
University of California San Diego (UCSD),14,La Jolla,CA,CA-50,Scott Peters,
"Heliotrope Technologies, Inc.",13,Alameda,CA,CA-12,Barbara Lee,
Sepion Technologies Inc.,13,Emeryville,CA,CA-12,Barbara Lee,
"Sylvatex, Inc.",13,Alameda,CA,CA-12,Barbara Lee,
Texas A&M University,13,College Station,TX,TX-10,Michael McCaul,
University of Illinois-Urbana-Champaign (UIUC),12,Champaign,IL,IL-13,Nikki Budzinski ,
"University of Massachusetts, Amherst",12,Amherst,MA,MA-02,Jim McGovern,
Cornell University,11,Ithaca,NY,NY-19,Marcus Molinaro,
Purdue University,11,West Lafayette,IN,IN-04,Jim Baird,
Harvard University,10,Cambridge,MA,MA-05,Katherine Clark,
"Matrix Sensors, Inc.",10,San Diego,CA,CA-51,Sara Jacobs,
"Ohio State University, The",10,Columbus,OH,OH-03,Joyce Beatty,
University of Hawai'i at Manoa,10,Honolulu,HI,HI-1,Ed Case,
University of Michigan,10,Ann Arbor,MI,MI-06,Debbie Dingell ,
University of Texas at Austin,10,Austin,TX,TX-37,Lloyd Doggett,
"Coreshell Technologies, Inc.",9,,,,,
"Nano Hydrophobics, Inc.",9,,,,,
"Spark Thermionics, Inc.",9,,,,,
University of Colorado Boulder,9,,CO,,,
"University of Nevada, Reno",9,,NV,,,
Virginia Tech,9,,VA,,,
New York University,8,,NY,,,
San Jose State University,8,San Jose,CA,,,
Scripps Research Institute,8,,CA,,,
Scuba Probe Technologies LLC,8,,,,,
X-Therma Inc.,8,,,,,
Brookhaven National Laboratory (BNL),7,,NY,,,
Georgia Institute of Technology (Georgia Tech),7,,GA,,,
Intel Corporation,7,,CA,,,
Kansas State University,7,,KS,,,
Mosaic Materials,7,,,,,
Saratoga Energy Corporation /  Saratoga Energy Research Partners,7,Berkeley,CA,CA-12,Barbara Lee,
SLAC National Accelerator Laboratory,7,,CA,,,
University of Chicago,7,,IL,,,
University of Connecticut,7,,CT,,,
University of Nevada Las Vegas,7,,NV,,,
University of Pittsburgh,7,,PA,,,
University of Southern Mississippi,7,,MS,,,
VIDA Products Inc.,7,,,,,
"HighRI Optics, Inc.",6,,,,,
Medical College of Wisconsin,6,,WI,,,
"Mekonos, Inc.",6,,,,,
National Institute of Standards and Technology,6,,,,,
Nutcracker Therapeutics,6,,,,,
Oregon State University,6,,OR,,,
Rigetti Inc.,6,,,,,
San Francisco State University,6,San Francisco,CA,,,
Stony Brook University,6,Stony Brook,NY,,,
Sunchem,6,,,,,
University of the Pacific,6,,,,,
Vanderbilt University,6,,,,,
Washington State University,6,,WA,,,
Alveo Energy,5,,,,,
Argonne National Laboratory (ANL),5,,IL,,,
Boston University,5,Boston,MA,,,
Ceitta LLC,5,,,,,
Creatrone,5,,,,,
"Magic Leap, Inc.",5,,,,,
"NanoCore Technologies, Inc.",5,,,,,
Princeton University,5,Princeton,NJ,,,
"Rutgers, The State University of New Jersey",5,New Brunswick,NJ,,,
Touro University,5,New York,NY,,,
Trilo Therapeutics,5,,,,,
"UES, Inc.",5,,,,,
University of Illinois-Chicago,5,Chicago,IL,,,
University of Nebraska-Lincoln,5,Lincoln,NE,,,
University of Utah,5,,UT,,,
"Zonexus, LLC",5,,,,,
Ansa Biotechnologies,4,,,,,
Barry University,4,,,,,
Bikanta Corporation,4,Berkeley,CA,CA-12,Barbara Lee,
"Cypris Materials, Inc.",4,,,,,
Dow Chemical Company,4,,,,,
Florida State University,4,,FL,,,
HGST,4,San Jose,CA,,,
Indiana University,4,,IN,,,
Marquette University,4,Milwaukee,WI,,,
"Nanotech Biomachines, Inc.",4,,,,,
Naval Research Laboratory,4,,,,,
Novartis Vaccines and Diagnostics,4,Cambridge,MA,,,
Photia Inc.,4,,,,,
"polySpectra, Inc.",4,,,,,
Rice University,4,,TX,,,
University of Central Florida,4,,FL,,,
University of Kentucky,4,,KY,,,
University of Minnesota,4,,MN,,,
"Air Force Research Laboratory (AFRL), Rocket Propulsion Division (Edwards AFB)",3,Edwards,CA,,,
Albert Einstein College of Medicine,3,New York,NY,,,
Astrileux Corporation,3,,,,,
Cal Poly State University,3,,CA,,,
Chela Technologies,3,,,,,
Dartmouth College,3,Hanover,NH,,,
"EpiBiome, Inc.",3,,,,,
IBM Almaden Research Center,3,,,,,
Johns Hopkins University,3,,,,,
"Laminera, LLC",3,,,,,
Louisiana State University,3,,,,,
Macalester College,3,,,,,
"Mallinda, Inc.",3,,,,,
Missouri University of Science & Technology,3,,,,,
National Renewable Energy Laboratory (NREL),3,Golden,CO,,,
"Newomics, Inc.",3,,,,,
NJIT,3,,NJ,,,
P-BLINC Corp.,3,,,,,
Pacific Light Technologies,3,,,,,
Perfect Day Inc.,3,,,,,
Renovar Resources Inc. (formerly X4 Technologies Corporation),3,,,,,
State University of New York at Binghamton University (SUNY Binghamton),6,Binghamton,NY,,,
State University of New York at Buffalo,3,Buffalo,NY,,,
Toyota Research Institute of North America,3,,,,,
University of Delaware,3,,DE,,,
"University of Maryland, College Park",3,College Park,MD,,,
University of Pennsylvania,3,,PA,,,
University of Rochester,3,,NY,,,
University of Texas at San Antonio,3,,,,,
University of Texas Southwestern Medical Center at Dallas,3,Dallas,TX,,,
University of Wisconsin - Madison,3,Madison,WI,,,
Univesity of Pennsylvania,3,,,,,
Western Digital,3,,,,,
Yale University,3,,,,,
Air Force Research Laboratory,2,,,,,
"Alion, Inc (SunPrint, Inc)",2,,,,,
Arizona State University,2,,,,,
Bechtel Nevada,2,,,,,
Biodesy LLC,2,,,,,
Boise State University,2,,,,,
Boston College,2,,,,,
"Brewer Science, Inc.",2,,,,,
"California State University, East Bay",2,,,,,
Case Western Reserve University,2,,,,,
Clark Atlanta University,2,,,,,
Clemson University,2,,,,,
"Colorado School of Mines, The",2,,,,,
Colorado State University,2,,,,,
"Coreless Technologies, Inc.",2,,,,,
eSionic,2,,,,,
Fairfield University,2,,,,,
"FLO Materials, Inc.",2,,,,,
"Fluigence, LLC",2,,,,,
Gaea Nanolabs LLC,2,,,,,
"Glisten, LLC",2,,,,,
Harvard Medical School,2,,,,,
Hewlett-Packard Laboratories,2,,,,,
IBM T. J. Watson Research Center,2,,,,,
Idaho National Laboratory (INL),2,,,,,
Inpria Corporation,2,,,,,
"Jadoo Technologies, Inc.",2,,,,,
Kent State University,2,,,,,
Laney College,2,,,,,
Medical University of South Carolina,2,,,,,
Michigan State University,2,,,,,
"MicroByre, LLC",2,,,,,
"Minutia, Inc.",2,,,,,
"NanoElectronic Imaging, Inc.",2,,,,,
National Center for Electron Microscopy,2,,,,,
National Research Council,2,,,,,
NC State,2,,,,,
"Nelumbo, Inc.",2,,,,,
Neuralink Corp,2,,,,,
New England Biolabs,2,,,,,
New York University - UAE,2,,,,,
"Novol, Inc.",2,,,,,
Nucleic Acids Technologies,2,,,,,
Oak Ridge National Laboratory (ORNL),2,,,,,
PepsiCo Inc.,2,,,,,
"SBA Materials, Inc.",2,,,,,
"Sila Nanotechnologies, Inc.",2,,,,,
Silicium Energy,2,,,,,
The Rockefeller University,2,,,,,
"Ubiquitous Energy, Inc.",2,,,,,
Union College,2,,,,,
University of Alabama,2,,,,,
University of California Riverside (UCR),2,,,,,
University of Florida,2,,,,,
University of Missouri-Columbia,2,,,,,
University of New Mexico,2,,,,,
University of North Carolina at Chapel Hill,2,,,,,
University of Oklahoma,2,,,,,
University of Ontario Institute of Technology (Canada),2,,,,,
University of Reading,2,,,,,
University of Regensburg,2,,,,,
University of Sao Paulo,2,,,,,
University of South Florida,2,,,,,
University of Wisconsin - Milwaukee,2,,,,,
Utah State University,2,,,,,
Visolis Inc.,2,,,,,
Washington University in St. Louis,2,,,,,
Wayne State University,2,,,,,
Western Regional Research Center (USDA ARS),2,,,,,
3DIcon Corporation,1,,,,,
712 North Inc.,1,,,,,
Aarhus University (Denmark),1,,,,,
Adolphe Merkle Institute,1,,,,,
Aepnus Technology Inc.,1,,,,,
"Aerospace Corporation, The",1,,,,,
AesculaTech,1,,,,,
AmberGen Inc.,1,,,,,
Amgen Inc,1,,,,,
Applied Materials,1,,,,,
Array Bridge Inc.,1,,,,,
Austrian Academy of Sciences,1,,,,,
"Automat Solutions, Inc",1,,,,,
Baylor College of Medicine,1,,,,,
Beijing Jiaotong University (China),1,,,,,
Bielefeld University (Germany),1,,,,,
"BixbyBio, Inc.",1,,,,,
Blue Planet Ltd.,1,,,,,
"BlueDot Photonics, Inc.",1,,,,,
Brown University,1,,,,,
California State University Maritime Academy,1,,,,,
"California State University, Fresno",1,,,,,
CalMed,1,,,,,
"Capacitor Sciences, Inc.",1,,,,,
Carbonitum Energy Corporation,1,,,,,
"Carestream Health, Inc.",1,,,,,
Carnegie Mellon University,1,,,,,
Catamaran Labs LLC,1,,,,,
CBN-Italian Institute of Technology,1,,,,,
CEA,1,,,,,
Center for Genomic Regulation,1,,,,,
Center for Physical Sciences and Technology,1,,,,,
Centre d'Elaboration de Materiaux et d'Etudes Structurales (CEMES-CNRS) (France),1,,,,,
Centre de Recherche Paul Pascal (CRPP),1,,,,,
Centre Interdisciplinaire de Nanoscience de Marseille (CINaM-CNRS) (France),1,,,,,
Centre Naional de la Recherche Scientifique,1,,,,,
Centro de Fisica de Materiales (Spain),1,,,,,
Chembirly Analytical Sciences,1,,,,,
Chevron,1,,,,,
"China University of Geosciences, Beijing (China)",1,,,,,
China University of Mining and Technology,1,,,,,
Chinese Academy of Medical Sciences and Peking Union Medical College,1,,,,,
Chiron,1,,,,,
City College of New York,1,,,,,
Clairity Technology Inc.,1,,,,,
Claremont Graduate University,1,,,,,
Claremont McKenna College,1,,,,,
"CNM Barcelona, Spain",1,,,,,
CNR - Institute for Microelectronics and Microsystems of the National Council of Research (CNR-IMM) (Italy),1,,,,,
CNR - Istituto di Fotonica e Nanotechnologie (CNR-IFN) (Italy),1,,,,,
CNR-IMM Institute for Microelectronics and Microsystems of the National Council of Research (Italy),1,,,,,
CNR-Institute for Chemical & Physical Processes (CNR-IPCF) (Italy),1,,,,,
CNR-Istituto Nazionale di Ottica (INO),1,,,,,
"CNRS/IPM Univ Montpellier, France",1,,,,,
College de France,1,,,,,
Corning Inc. (Retiree),1,,,,,
CSIRO (Australia),1,,,,,
CSUEB,1,,,,,
"Cuberg, Inc.",1,,,,,
Cumulus Energy Storage,1,,,,,
Dalhousie University,1,,,,,
"Discipline of Medicine, University of Adelaide",1,,,,,
Dresden University,1,,,,,
Drexel University,1,,,,,
Dublin City University,1,,,,,
Duke University,1,,,,,
Duke University Medical Center,1,,,,,
DuPont,1,,,,,
Dupont Company,1,,,,,
E. I. du Pont de Nemours & Co.,1,,,,,
Eindhoven University of Technolgy,1,,,,,
Eindhoven University of Technology (Netherlands),1,,,,,
EMBL Heidelberg,1,,,,,
Emory University,1,,,,,
Evoak Ventures,1,,,,,
"Evolutionary Solutions, Inc.",1,,,,,
"Exponent, Inc.",1,,,,,
ExxonMobil Research and Engineering Company,1,,,,,
Federal University of Ceara,1,,,,,
Federal University of Minas Gerais,1,,,,,
Federal University of Ouro Preto,1,,,,,
FivePrime Therapeutics,1,,,,,
Fluxus Inc.,1,,,,,
Friedrich-Alexander-Universitat Erlangen-Nurnberg (Germany),1,,,,,
Fritz Haber Institute of the Max Planck Society (Germany),1,,,,,
Gallop Semiconductor Inc.,1,,,,,
Georgetown University,1,,,,,
Ghent University,1,,,,,
Gladstone Institutes/UCSF,1,,,,,
Hanson Institute,1,,,,,
Hanyang University (Korea),1,,,,,
Haverford College,1,,,,,
Hebrew University of Jerusalem (Israel),1,,,,,
Hewlett-Packard Co.,1,,,,,
Hewlett-Packard Company,1,,,,,
Hitachi Global Storage Technologies,1,,,,,
Hong Kong University of Science & Technology,1,,,,,
Hummingbird Scientific,1,,,,,
"Hysitron, Inc.",1,,,,,
IBM Almaden research,1,,,,,
Icahn School of Medicine at Mount Sinai,1,,,,,
IGBMC,1,,,,,
Ignition Genomics,1,,,,,
Illinois Institute of Technology,1,,,,,
ImprovMedia LLC,1,,,,,
Indiana University Purdue University Indianapolis,1,,,,,
Industrial Technology Research Institute,1,,,,,
Innsbruck University,1,,,,,
"Institut Catala de Nanotecnologia (ICN), Spain",1,,,,,
Institute of Atomic and Molecular Physics - FOM,1,,,,,
Institute of Carbochemistry,1,,,,,
"Institute of Deep-sea Science and Engineering, Chinese Academy of Sciences",1,,,,,
Institute of High Performance Computing Singapore,1,,,,,
"Institute of Low Temperature and Structure Research, Polish Academy of Sciences (Poland)",1,,,,,
Institute of Structural Biology,1,,,,,
"Instituto de Quimica-Fisica Rocasolano (Madrid, Spain)",1,,,,,
InterMune,1,,,,,
Iowa State University,1,,,,,
"Iris Photovoltaics, Inc.",1,,,,,
Istituto Nanoscienze-National Research Council,1,,,,,
Jiangsu University,1,,,,,
Kalamazoo College,1,,,,,
Kinestral Research,1,,,,,
King Abdullah University of Science and Technology (KAUST) (Saudi Arabia),1,,,,,
"Kitware, Inc.",1,,,,,
"Kiverdi, Inc.",1,,,,,
KLA-Tencor,1,,,,,
Koc University (Turkey),1,,,,,
Konkuk University,1,,,,,
Korea Institute of Science and Technology (Korea),1,,,,,
Korea Research Institute of Chemical Technology (KRICT),1,,,,,
La Jolla Bioengineering Institute,1,,,,,
La Trobe University (Australia),1,,,,,
LCFTA LLC,1,,,,,
Li Clean Energy Technologies,1,,,,,
LMU Munich,1,,,,,
"Lookin, Inc.",1,,,,,
Loyola University Maryland,1,,,,,
LSU Health Science Center,1,,,,,
"Malachite Technologies, Inc.",1,,,,,
"Matrix Industries, Inc.",1,,,,,
Max Planck Institute for Iron Research (Max-Planck-Institut fur Eisenforschung) (Germany),1,,,,,
Max Planck Institute for the Structure and Dynamics of Matter,1,,,,,
Max Planck Institute of Quantum Optics,1,,,,,
"Maxwell Biosciences, Inc.",1,,,,,
Mayo Clinic,1,,,,,
McGill University,1,,,,,
Mercer University,1,,,,,
Merritt College,1,,,,,
Microfab Technologies,1,,,,,
Molecular Biology Consortium,1,,,,,
"Molecular Imprints, Inc.",1,,,,,
Montana State University,1,,,,,
Nanoasis Inc.,1,,,,,
nanoPrecision Products Inc.,1,,,,,
Nanosolar,1,,,,,
"Nanospan, Inc",1,,,,,
Nanotechnology Biomachines LLC,1,,,,,
"NanoVasc, inc",1,,,,,
NASA,1,,,,,
NASA Ames Research Center,1,,,,,
National Autonomous University of Mexico,1,,,,,
"National Institute of Metrology, Quality and Technology of Brazil (Inmetro)",1,,,,,
National Institutes of Health,1,,,,,
National Research Council - Institute for Microelectronics and Microsystems,1,,,,,
National Research Council of Canada,1,,,,,
National Research Council of Italy,1,,,,,
National Tsing Hua University,1,,,,,
Naval PostGraduate School,1,,,,,
Nazarbayev University,1,,,,,
"NexTint, Inc.",1,,,,,
Nihon University - College of Engineering,1,,,,,
North Dakota State University,1,,,,,
North Dakota State University - Surface Chemistry,1,,,,,
Northwestern Polytechnic University,1,,,,,
Novartis Institutes for Biomedical Research,1,,,,,
NY University,1,,,,,
"ONE Nanotechnologies, LLC",1,,,,,
Optowares,1,,,,,
Otto von Guericke Universitat Magdeburg (Germany),1,,,,,
Pacific Biosciences,1,,,,,
Palo Alto Research Center,1,,,,,
Panazee Inc.,1,,,,,
Peking University,1,,,,,
Pfizer Inc.,1,,,,,
Pohang University of Science and Technology (POSTECH) (South Korea),1,,,,,
Prolynx LLC,1,,,,,
Protea Biosciences Inc.,1,,,,,
PsiQuantum Corp,1,,,,,
"Pumpkinseed Technologies, Inc.",1,,,,,
Queensland Institute of Medical Research,1,,,,,
Radiation Monitoring Devices,1,,,,,
REQUIMTE - Porto,1,,,,,
Retired from Corning Inc.,1,,,,,
"Rivian Automotive, LLC",1,,,,,
Robert Bosch LLC (North America),1,,,,,
Rong Li lab,1,,,,,
Royal Institute of Technology,1,,,,,
San Diego State University,1,,,,,
Santa Clara University,1,,,,,
Sarnoff Corporation,1,,,,,
SEMATECH,1,,,,,
Sencera LLC,1,,,,,
Shanghai University,1,,,,,
Shenyang University of Chemical Technology,1,,,,,
Shenzhen Polytechnic,1,,,,,
Simprota Corporation,1,,,,,
Singapore Centre on Environmental Life Sciences Engineering,1,,,,,
Sole Proprietorship,1,,,,,
"Sonera Magnetics, Inc.",1,,,,,
Soochow University,1,,,,,
Sorbonne Universite (France),1,,,,,
South China Agricultural University,1,,,,,
Sp2 Carbon,1,,,,,
Specksnyder Labs LLC,1,,,,,
SpectraWatt Inc.,1,,,,,
SRI International,1,,,,,
Stanford School of Medicine,1,,,,,
"State University of New York (SUNY), Stony Brook",1,,,,,
State University of New York at Buffalo (SUNY Buffalo),1,,,,,
SUNY Downstate Medical Center,1,,,,,
SUNY Stony Brook,1,,,,,
Super Carbon Inc.,1,,,,,
"Suzhou Institute of Nanotech and Nanobionics, Chinese Academy of Sciences",1,,,,,
Swift Solar Inc.,1,,,,,
Swiss Federal Institute of Technology in Lausanne,1,,,,,
"Synvitrobio, Inc.",1,,,,,
Tabbin Institute for Metallurgical Studies,1,,,,,
TASC-INFM-CNR National Laboratory,1,,,,,
Technical University of Berlin,1,,,,,
Temple University,1,,,,,
Temple University of the Commonwealth System of Higher Education,1,,,,,
The Abdus Salam International Center for Theoretical Physics (ICTP),1,,,,,
The Long Now Foundation,1,,,,,
The University of Iowa,1,,,,,
The University of Kitakyushu (Japan),1,,,,,
The University of Liverpool,1,,,,,
The University of Oklahoma,1,,,,,
The University of Washington,1,,,,,
"Tianjin Institute of Industrial Biotechnology, Chinese Academy of Sciences",1,,,,,
Tomas Bata University in Zlin (TBU),1,,,,,
Trinity College Dublin,1,,,,,
Tsinghua University,1,,,,,
TU Braunschweig,1,,,,,
TUDelft,1,,,,,
Tulane University,1,,,,,
Tyndall National Institute,1,,,,,
Ultragenyx Pharmaceutical Inc.,1,,,,,
UMASS Medical School,1,,,,,
"Uniformity Labs, Inc.",1,,,,,
University Affiliated Research Center (UC Santa Cruz) at NASA Ames,1,,,,,
"University of Akron, The",1,,,,,
University of Alabama at Birmingham,1,,,,,
University of Arizona,1,,,,,
University of Arkansas,1,,,,,
University of California at Los Angeles (UCLA),1,,,,,
"University of California, Riverside",1,,,,,
University of Dayton Research Institute,1,,,,,
University of Dortmund,1,,,,,
University of Georgia,1,,,,,
University of Houston,1,,,,,
University of Idaho,1,,,,,
University of Maine,1,,,,,
University of Massachusetts Medical School,1,,,,,
"University of Massachusetts, Worcester",1,,,,,
University of Missouri,1,,,,,
University of Nebraska Medical Center,1,,,,,
University of North Texas,1,,,,,
University of Notre Dame,1,,,,,
University of Saskatchewan,1,,,,,
University of Scranton,1,,,,,
University of Siegen,1,,,,,
University of South Carolina,1,,,,,
University of Southern Denmark,1,,,,,
University of Stuttgart,1,,,,,
University of Tasmania,1,,,,,
University of Technology of Troyes,1,,,,,
University of Vermont,1,,,,,
US DOE Ames Laboratory,1,,,,,
USAFA,1,,,,,
USDA/ARS/WRRC,1,,,,,
Utrecht University (Netherlands),1,,,,,
Valitor Inc.,1,,,,,
"Viking Cold Solutions, Inc.",1,,,,,
Zyvex Labs,1,,,,,